Name,Finished?,Episodes,Rating,Description,Image,Link,Notes,My Rating
Attack on titan,Yes,87,8.6,"Several hundred years ago, humans were nearly exterminated by titans. Titans are typically several stories tall, seem to have no intelligence, devour human beings and, worst of all, seem to do it for the pleasure rather than as a food source. A small percentage of humanity survived by walling themselves in a city protected by extremely high walls, even taller than the biggest of titans. Flash forward to the present and the city has not seen a titan in over 100 years. Teenage boy Eren and his foster sister Mikasa witness something horrific as the city walls are destroyed by a colossal titan that appears out of thin air. As the smaller titans flood the city, the two kids watch in horror as their mother is eaten alive. Eren vows that he will murder every single titan and take reven...",https://s4.anilist.co/file/anilistcdn/media/anime/cover/large/bx16498-buvcRTBx4NSm.jpg,https://anilist.co/anime/16498,,10
Jujutsu kaisen,Yes,47,8.5,"A boy fights... for ""the right death."" Hardship, regret, shame: the negative feelings that humans feel become Curses that lurk in our everyday lives. The Curses run rampant throughout the world, capable of leading people to terrible misfortune and even death. What's more, the Curses can only be exorcised by another Curse. Itadori Yuji is a boy with tremendous physical strength, though he lives a completely ordinary high school life. One day, to save a friend who has been attacked by Curses, he eats the finger of the Double-Faced Specter, taking the Curse into his own soul. From then on, he shares one body with the Double-Faced Specter. Guided by the most powerful of sorcerers, Gojou Satoru, Itadori is admitted to the Tokyo Metropolitan Technical High School of Sorcery,...",https://s4.anilist.co/file/anilistcdn/media/anime/cover/large/bx113415-LHBAeoZDIsnF.jpg,https://anilist.co/anime/113415,,10
Death Note,Yes,37,8.4,"Light Yagami is a genius high school student who is about to learn about life through a book of death. When a bored shinigami, a God of Death, named Ryuk drops a black notepad called a Death Note, Light receives power over life and death with the stroke of a pen. Determined to use this dark gift for the best, Light sets out to rid the world of evil… namely, the people he believes to be evil. Should anyone hold such power?  The consequences of Light’s actions will set the world ablaze.  ",https://s4.anilist.co/file/anilistcdn/media/anime/cover/large/bx1535-kUgkcrfOrkUM.jpg,https://anilist.co/anime/1535,,10
Solo levelling,Yes,25,8.4,"They say whatever doesn’t kill you makes you stronger, but that’s not the case for the world’s weakest hunter Seong Jin-U. After being brutally slaughtered by monsters in a high-ranking dungeon, Jin-U came back with the System, a program only he could see, that’s leveling him up in every way. Now, he’s inspired to discover the secrets behind his powers and the dungeon that spawned them.   ",https://s4.anilist.co/file/anilistcdn/media/anime/cover/large/bx151807-it355ZgzquUd.png,https://anilist.co/anime/151807,,10
Naruto shippuden,Yes,500,8.28,"It has been two and a half years since Naruto Uzumaki left Konohagakure, the Hidden Leaf Village, for intense training following events which fueled his desire to be stronger. Now Akatsuki, the mysterious organization of elite rogue ninja, is closing in on their grand plan which may threaten the safety of the entire shinobi world.   Although Naruto is older and sinister events loom on the horizon, he has changed little in personality—still rambunctious and childish—though he is now far more confident and possesses an even greater determination to protect his friends and home. Come whatever may, Naruto will carry on with the fight for what is important to him, even at the expense of his own body, in the continuation of the saga about the boy who wishes to become Hokage.  [Written by MAL ...",https://cdn.myanimelist.net/images/anime/1565/111305.jpg,https://myanimelist.net/anime/1735/Naruto__Shippuuden,,10
Demon Slayer,Yes,63,8.2,"It is the Taisho Period in Japan. Tanjiro, a kindhearted boy who sells charcoal for a living, finds his family slaughtered by a demon. To make matters worse, his younger sister Nezuko, the sole survivor, has been transformed into a demon herself. Though devastated by this grim reality, Tanjiro resolves to become a “demon slayer” so that he can turn his sister back into a human, and kill the demon that massacred his family.  ",https://s4.anilist.co/file/anilistcdn/media/anime/cover/large/bx101922-WBsBl0ClmgYL.jpg,https://anilist.co/anime/101922,,10
Death Parade,Yes,12,8,"When two people die at the same time, they’re sent to a place that’s neither heaven nor hell—a lavish bar between worlds where the stakes are high and the rules are simple: if you win you live again, if you die… you’re gone for good.  Decim is the bartender charged with serving the souls who enter Quindecim. He may make a mean cocktail, but his true profession is to play the role of arbiter—a judge who determines whether or not a soul is worthy of reincarnation. To aid in his judgment, the bar’s patrons are forced to play simple games laced with sadistic twists designed to bring their true natures to light. To Decim, judgment has always been black and white—that is—until he meets a mysterious young woman whose fate seems impossible to decide. His indecision shakes the very found...",https://s4.anilist.co/file/anilistcdn/media/anime/cover/large/nx20931-bktYqOcxPERi.jpg,https://anilist.co/anime/20931,,10
Bleach 1000 year war,Yes,13,8.99,"Substitute Soul Reaper Ichigo Kurosaki spends his days fighting against Hollows, dangerous evil spirits that threaten Karakura Town. Ichigo carries out his quest with his closest allies: Orihime Inoue, his childhood friend with a talent for healing; Yasutora Sado, his high school classmate with superhuman strength; and Uryuu Ishida, Ichigo's Quincy rival.  Ichigo's vigilante routine is disrupted by the sudden appearance of Asguiaro Ebern, a dangerous Arrancar who heralds the return of Yhwach, an ancient Quincy king. Yhwach seeks to reignite the historic blood feud between Soul Reaper and Quincy, and he sets his sights on erasing both the human world and the Soul Society for good.  Yhwach launches a two-pronged invasion into both the Soul Society and Hueco Mundo, the home of Hollows and ...",https://cdn.myanimelist.net/images/anime/1908/135431.jpg,https://myanimelist.net/anime/41467/Bleach__Sennen_Kessen-hen,,9.9
JoJo's bizarre adventure,Yes,152,8.2,"Beginning its tale in 19th century England, young aristocrat Jonathan Joestar finds himself locked in bitter rivalry with Dio Brando, a low-born boy who Jonathan's father took under his wing after the death of Dio's father. Discontent with his station in life, Dio's fathomless lust to reign over all eventually leads him to seek the supernatural powers of an ancient Aztec stone mask in the Joestar's possession—an artifact that will forever change the destiny of Dio and Jonathan for generations to come.  Fifty years later, in 1938 New York City, Jonathan's grandson Joseph Joestar must take up his grandfather's mission and master the abilities necessary to destroy the stone mask and its immensely powerful creators who threaten humanity's very existence, the Pillar Men. (Sou...",https://s4.anilist.co/file/anilistcdn/media/anime/cover/large/bx14719-VT5dRzTBSZ0w.jpg,https://anilist.co/anime/14719,,9.8
My hero Academia,Yes,159,7.8,"What would the world be like if 80 percent of the population manifested extraordinary superpowers called “Quirks” at age four? Heroes and villains would be battling it out everywhere! Becoming a hero would mean learning to use your power, but where would you go to study? U.A. High's Hero Program of course! But what would you do if you were one of the 20 percent who were born Quirkless?  Middle school student Izuku Midoriya wants to be a hero more than anything, but he hasn't got an ounce of power in him. With no chance of ever getting into the prestigious U.A. High School for budding heroes, his life is looking more and more like a dead end. Then an encounter with All Might, the greatest hero of them all gives him a chance to change his destiny…  ",https://s4.anilist.co/file/anilistcdn/media/anime/cover/large/bx21459-nYh85uj2Fuwr.jpg,https://anilist.co/anime/21459,,9.8
Re Zero,Yes,66,8.3,"In the story, Subaru Natsuki is an ordinary high school student who is lost in an alternate world, where he is rescued by a beautiful, silver-haired girl. He stays near her to return the favor, but the destiny she is burdened with is more than Subaru can imagine. Enemies attack one by one, and both of them are killed. He then finds out he has the power to rewind death, back to the time he first came to this world. But only he remembers what has happened since.    Notes: - The first episode aired with a runtime of ~50 minutes as opposed to the standard 25 minute long episode. - In the Winter 2020 season, Re:ZERO was rebroadcast and re-edited to fit into an hour time-slot. This edit included the first OVA and added slight modification...",https://s4.anilist.co/file/anilistcdn/media/anime/cover/large/bx21355-wRVUrGxpvIQQ.jpg,https://anilist.co/anime/21355,,9.7
Hells paradise,Yes,13,8,"The Edo period is nearing its end. Gabimaru, a shinobi formerly known as the strongest in Iwagakure who is now a death row convict, is told that he will be acquitted and set free if he can bring back the Elixir of Life from an island that is rumored to be the Buddhist pure land Sukhavati. In hopes of reuniting with his beloved wife, Gabimaru heads to the island along with the executioner Yamada Asaemon Sagiri. Upon arriving there, they encounter other death row convicts in search of the Elixir of Life... as well as a host of unknown creatures, eerie manmade statues, and the hermits who rule the island. Can Gabimaru find the Elixir of Life on this mysterious island and make it back home alive?  ",https://s4.anilist.co/file/anilistcdn/media/anime/cover/large/bx128893-Gc2t8b8M0mVu.jpg,https://anilist.co/anime/128893,,9.6
Gachiakuta,Yes,24,7.9,"A boy lives in a floating town, where the poor scrape by and the rich live a sumptuous life, simply casting their garbage off the side, into the abyss. When he’s falsely accused of murder, though, his wrongful conviction leads to an unimaginable punishment—exile off the edge, with the rest of the trash. Down on the surface, the cast-off waste of humanity has bred vicious monsters, and to travel the path to vengeance against those who cast him into Hell, a boy will have to become a warrior…  ",https://s4.anilist.co/file/anilistcdn/media/anime/cover/large/bx178025-cWJKEsZynkil.jpg,https://anilist.co/anime/178025,,9.5
To your eternity,Yes,62,7.9,"In the beginning, an ""orb"" is cast unto Earth. ""It"" can do two things: change into the form of the thing that stimulates ""it""; and come back to life after death. ""It"" morphs from orb to rock, then to wolf, and finally to boy, but roams about like a newborn who knows nothing. As a boy, ""it"" becomes Fushi.  Through encounters with human kindness, Fushi not only gains survival skills but grows as a ""person"". But his journey is darkened by the inexplicable and destructive enemy Nokker and cruel partings with the people he loves.  ",https://s4.anilist.co/file/anilistcdn/media/anime/cover/large/bx114535-y3NnjexcqKG1.jpg,https://anilist.co/anime/114535,,9.5
Kaiju No.8,Yes,23,8.1,"With the highest kaiju-emergence rates in the world, Japan is no stranger to attack by deadly monsters. Enter the Japan Defense Force, a military organization tasked with the neutralization of kaiju. Kafka Hibino, a kaiju-corpse cleanup man, has always dreamed of joining the force. But when he gets another shot at achieving his childhood dream, he undergoes an unexpected transformation. How can he fight kaiju now that he’s become one himself?!  ",https://s4.anilist.co/file/anilistcdn/media/anime/cover/large/bx153288-25FBfFJzEQ5O.jpg,https://anilist.co/anime/153288,,9.4
Vinland saga ,Yes,48,8.8,"Thorfinn is son to one of the Vikings' greatest warriors, but when his father is killed in battle by the mercenary leader Askeladd, he swears to have his revenge. Thorfinn joins Askeladd's band in order to challenge him to a duel, and ends up caught in the middle of a war for the crown of England.  ",https://s4.anilist.co/file/anilistcdn/media/anime/cover/large/bx101348-2fhDFPCuMNiz.jpg,https://anilist.co/anime/101348,,9.4
Fire Force,Yes,60,7.7,"Year 198 of the Solar Era in Tokyo, special fire brigades are fighting against a phenomenon called spontaneous human combustion where human beings are turned into living infernos called ""Infernals.” While the Infernals are first-generation cases of spontaneous human combustion, later generations possess the ability to manipulate flames while retaining human form. Shinra Kusakabe, a youth who gained the nickname Devil’s Footprints for his ability to ignite his feet at will, joins the Special Fire Force Company 8 which composes of other flames users as they work to extinguish any Infernals they encounter. As a faction that is creating Infernals appears, Shinra begins to uncover the truth behind a mysterious fire that caused the death of his family twelve years ago. (",https://s4.anilist.co/file/anilistcdn/media/anime/cover/large/bx105310-2PKUvoaA6fTn.jpg,https://anilist.co/anime/105310,,9.4
Blood of zeus,Yes,24,7.5,"The series is set in Greek mythology. When giants and monsters begin to terrorize Greece, Heron, a demigod son of Zeus, embarks on a quest to discover what's happening. On his quest, he meets other heroes and the Gods themselves and discovers a conspiracy to destroy Olympus.",https://upload.wikimedia.org/wikipedia/en/1/1c/Gods_and_Heroes_teaser_poster.png,https://www.imdb.com/title/tt10009170/,,9.4
Shangrila frontier,Yes,50,8.1," ""When was the last time I played a game that wasn't crap?"" This is a world in the near future where games that use display screens are classified as retro. Anything that can't keep up with state-of-the-art VR technology is called a ""crap game,"" and you see a large number of crap games coming out. Those who devote their lives to clearing these games are called ""crap-game hunters,"" and Rakuro Hizutome is one of them. The game he's chosen to tackle next is Shangri-La Frontier, a ""god-tier game"" that has a total of thirty million players. Online friends... An expansive world... Encounters with rivals... These are changing Rakuro and all the other players' fates! The best game adventure tale by the strongest ""crap game"" player begins now!  ",https://s4.anilist.co/file/anilistcdn/media/anime/cover/large/bx151970-xtIx3VqEk02X.jpg,https://anilist.co/anime/151970,,9.3
Black clover,Yes,170,7.9,"In a world where magic is everything, Asta and Yuno are both found abandoned at a church on the same day. While Yuno is gifted with exceptional magical powers, Asta is the only one in this world without any. At the age of fifteen, both receive grimoires, magic books that amplify their holder’s magic. Asta’s is a rare Grimoire of Anti-Magic that negates and repels his opponent’s spells. Being opposite but good rivals, Yuno and Asta are ready for the hardest of challenges to achieve their common dream: to be the Wizard King. Giving up is never an option!  ",https://s4.anilist.co/file/anilistcdn/media/anime/cover/large/bx97940-fyh8o7gNbha0.png,https://anilist.co/anime/97940,,9.3
CastleVania nocturne,Yes,16,7.5,"During the French Revolution, vampire hunter prodigy Richter Belmont fights to uphold his family's legacy and prevent the rise of a ruthless, power-hungry vampire.",https://m.media-amazon.com/images/M/MV5BODJhZDcxMWItNmI3MC00NGZhLWI2YmMtYjc2ZDFkYjRiYTQ0XkEyXkFqcGc@._V1_.jpg,https://www.imdb.com/title/tt14833612/,,9.3
Hunter x Hunter,Yes,148,8.9,"A Hunter is one who travels the world doing all sorts of dangerous tasks. From capturing criminals to searching deep within uncharted lands for any lost treasures. Gon is a young boy whose father disappeared long ago, being a Hunter. He believes if he could also follow his father's path, he could one day reunite with him.",https://s4.anilist.co/file/anilistcdn/media/anime/cover/large/bx11061-y5gsT1hoHuHw.png,https://anilist.co/anime/11061/HUNTERHUNTER-2011/,,9.3
Summertime rendering,Yes,25,8.3,"A sci-fi, summer story filled with suspense set on a small island with Shinpei Aijiro, whose childhood friend Ushio Kofune died. He returns to his hometown for the first time in two years for the funeral. Sou Hishigata, his best friend, suspects something's off with Ushio's death, and that someone can die next.   A sinister omen is heard as an entire family next door suddenly disappears the following day. Furthermore, Mio implicates a ""shadow"" three days before Ushio's death.   ",https://s4.anilist.co/file/anilistcdn/media/anime/cover/large/bx129201-HJBauga2be8I.png,https://anilist.co/anime/129201,,9.2
Code Geass,Yes,50,8.6,"On August 10th of the year 2010 the Holy Empire of Britannia began a campaign of conquest, its sights set on Japan. Operations were completed in one month thanks to Britannia's deployment of new mobile humanoid armor vehicles dubbed Knightmare Frames. Japan's rights and identity were stripped away, the once proud nation now referred to as Area 11. Its citizens, Elevens, are forced to scratch out a living while the Britannian aristocracy lives comfortably within their settlements. Pockets of resistance appear throughout Area 11, working towards independence for Japan.  Lelouch, an exiled Imperial Prince of Britannia posing as a student, finds himself in the heart of the ongoing conflict for the island nation. Through a chance meeting with a mysterious girl named C.C., Lelouch gai...",https://s4.anilist.co/file/anilistcdn/media/anime/cover/large/bx1575-hsmWM2ydNm1m.jpg,https://anilist.co/anime/1575,,9.2
Gurren Lagann,Yes,27,8.5,"In a far away future, mankind lives underground in huge caves, unknowing of a world above with a sky and stars. In the small village of Jiha, Simon, a shy boy who works as a digger discovers a strange glowing object during excavation. The enterprising Kamina, a young man with a pair of rakish sunglasses and the passion of a firey sun, befriends Simon and forms a small band of brothers, the Gurren Brigade, to escape the village and break through the ceiling of the cave to reach the surface, which few believe exist. The village elder won't hear of such foolishness and punishes the Brigade. However, when disaster strikes from the world above and the entire village is in jeopardy, it's up to Simon, Kamina, a girl with a big gun named Yoko, and the small yet sturdy robot, Lag...",https://s4.anilist.co/file/anilistcdn/media/anime/cover/large/bx2001-XwRnjzGeFWRQ.png,https://anilist.co/anime/2001,,9.2
Ranking of kings,Yes,33,8.1,"Unable to hear, speak, or wield a sword, Prince Bojji doesn’t seem like a typical heir to the throne—and his kingdom agrees. But his fateful encounter with Kage, a shadow on the ground, gives him his first true friend. The two set off on a grand adventure and, together, form a bond that can overcome any obstacle...even being king.  ",https://s4.anilist.co/file/anilistcdn/media/anime/cover/large/bx113717-9sNnN8WRgK15.jpg,https://anilist.co/anime/113717,,9.2
Akame ga Kill,Yes,24,7.48,"Night Raid is the covert assassination branch of the Revolutionary Army, an uprising assembled to overthrow Prime Minister Honest, whose avarice and greed for power has led him to take advantage of the child emperor's inexperience. Without a strong and benevolent leader, the rest of the nation is left to drown in poverty, strife, and ruin. Though the Night Raid members are all experienced killers, they understand that taking lives is far from commendable and that they will likely face retribution as they mercilessly eliminate anyone who stands in the revolution's way.  This merry band of assassins' newest member is Tatsumi, a naïve boy from a remote village who had embarked on a journey to help his impoverished hometown and was won over by not only Night Raid's ideals, but also their re...",https://cdn.myanimelist.net/images/anime/1429/95946.jpg,https://myanimelist.net/anime/22199/Akame_ga_Kill,,9.1
Dragon Ball Super,Yes,131,7.47,"Seven years after the defeat of Majin Buu, Earth is at peace, and its people live free from any dangers lurking in the universe. However, this peace is short-lived; a sleeping threat awakens in the dark reaches of the galaxy: Beerus, the ruthless God of Destruction.  Disturbed by a prophecy that he will be defeated by a ""Super Saiyan God,"" Beerus and his angelic attendant Whis search the universe for this mysterious being. Before long, they reach Earth and encounter Gokuu Son, one of the planet's mightiest warriors, and his powerful friends.  [Written by MAL Rewrite]",https://cdn.myanimelist.net/images/anime/7/74606.jpg,https://myanimelist.net/anime/30694/Dragon_Ball_Super,,9.1
Super Crooks,Yes,13,7.1,"One last heist. That's what they all say, right? Just one final score, and everyone can retire and take up fishing. Thing is, the jails are filled with super villains who thought the same thing, and got busted. But the Heat's in a jam. He's run up the kind of gambling debt that - if he can't pay it back in cash - will be paid in blood. Nobody wants to see the most beloved supercrook of all time rubbed out by the mob - especially his biggest fan, Johnny Bolt. And Johnny's got a plan to help the Heat and make all his buddies disgustingly rich at the same time. Unfortunately for Johnny's recruits, they have to head to Spain and rob the world's most notorious super villain blind. And that's where things get tricky.  ",https://s4.anilist.co/file/anilistcdn/media/anime/cover/large/bx109946-S05QNnNplFV2.jpg,https://anilist.co/anime/109946,,9.1
Akudama Drive,Yes,12,7.5,"Many years ago, a Great Civil War ravaged Japan, leaving the country fragmented between two regions: Kansai and Kanto. In Kansai, a group of six Akudama carry out missions given to them by a mysterious black cat, while evading the police. But a dangerous journey is about to unfold when a civilian girl becomes twisted into the Akudama’s way of life and witnesses their criminal drives.    Note: On May 28, 2021, a director's cut of the final episode was released which included approximately 5 minutes of new content.",https://s4.anilist.co/file/anilistcdn/media/anime/cover/large/bx116566-PPIVQt359vQY.jpg,https://anilist.co/anime/116566,,9.1
Bleach,Yes,406,7.9,"Ichigo Kurosaki is a rather normal high school student apart from the fact he has the ability to see ghosts. This ability never impacted his life in a major way until the day he encounters the Shinigami Kuchiki Rukia, who saves him and his family's lives from a Hollow, a corrupt spirit that devours human souls.   Wounded during the fight against the Hollow, Rukia chooses the only option available to defeat the monster and passes her Shinigami powers to Ichigo. Now forced to act as a substitute until Rukia recovers, Ichigo hunts down the Hollows that plague his town.    ",https://s4.anilist.co/file/anilistcdn/media/anime/cover/large/bx269-d2GmRkJbMopq.png,https://anilist.co/anime/269,,9.1
7 seeds,Yes,12,6.56,"Imagine this: you are living a normal day in your life. Maybe you are out with friends, eating your family's home-cooked meal or spending time with your girlfriend. When you next wake up, you are suddenly thrust into a strange, new world, surrounded by five strangers on a rapidly sinking boat in the middle of a storm.  For Natsu Iwashimizu, this is her new reality. Humanity has perished, and all that remains of the Japanese population are five groups of men and women who were chosen to be sent to the future in hopes of continuing mankind's existence. While every other person chosen has a useful talent such as martial arts, knowledge, or architecture, Natsu is a shy high school girl who cannot even raise her voice to shout. The new world is dangerous beyond imagination, and although Nats...",https://cdn.myanimelist.net/images/anime/1219/116954.jpg,https://myanimelist.net/anime/38735/7_Seeds,,9
Berserk of gluttony,Yes,12,6.7,"Fate Graphite was born into a world where magical skills shape your destiny. His skill is Gluttony, a seemingly useless curse of unending hunger that has left him shunned and looked down upon. Until one day, after he takes the life of a thief, his true power awakens: he can devour the skill of anyone he kills to feed his appetite. Will he learn to control this gruesome ability for the better?  ",https://s4.anilist.co/file/anilistcdn/media/anime/cover/large/bx156039-JnepQcVxXLLW.jpg,https://anilist.co/anime/156039,,9
Dr Stone ,Yes,81,8.2,"After five years of harboring unspoken feelings, high-schooler Taiju Ooki is finally ready to confess his love to Yuzuriha Ogawa. Just when Taiju begins his confession however, a blinding green light strikes the Earth and petrifies mankind around the world— turning every single human into stone.  Several millennia later, Taiju awakens to find the modern world completely nonexistent, as nature has flourished in the years humanity stood still. Among a stone world of statues, Taiju encounters one other living human: his science-loving friend Senkuu, who has been active for a few months. Taiju learns that Senkuu has developed a grand scheme—to launch the complete revival of civilization with science. Taiju's brawn and Senkuu's brains combine to forge a formidable partnership, and th...",https://s4.anilist.co/file/anilistcdn/media/anime/cover/large/bx105333-GybuoSoOZfpH.jpg,https://anilist.co/anime/105333,,9
Blue lock,Yes,38,7.8,"Japan’s desire for World Cup glory leads the Japanese Football Association to launch a new rigorous training program to find the national team’s next striker. Three hundred high school players are pitted against each other for the position, but only one will come out on top. Who among them will be the striker to usher in a new era of Japanese soccer?  ",https://s4.anilist.co/file/anilistcdn/media/anime/cover/large/bx137822-U8naszP96vzC.png,https://anilist.co/anime/137822,,9
Seraph of the end,Yes,24,7.4,"The story takes place in a world where an unknown virus has killed the entire human population except for children under 13. Those children were then enslaved by vampires. The manga centers on Yuichiro Hyakuya, a human who dreams of becoming strong enough to kill all vampires.  ",https://s4.anilist.co/file/anilistcdn/media/anime/cover/large/bx20829-pgsXVjrfyI5V.png,https://anilist.co/anime/20829,,9
Delicious in dungeon,Yes,24,8.5,"When young adventurer Laios and his company are attacked and soundly thrashed by a dragon deep in a dungeon, the party loses all its money and provisions...and a member! They're eager to go back and save her, but there is just one problem: If they set out with no food or coin to speak of, they're sure to starve on the way! But Laios comes up with a brilliant idea: ""Let's eat the monsters!"" Slimes, basilisks, and even dragons...none are safe from the appetites of these dungeon-crawling gourmands!     Note: A world premiere screening of Episode 1 was shown in the Studio TRIGGER panel at Anime Expo on July 1, 2023.",https://s4.anilist.co/file/anilistcdn/media/anime/cover/large/bx153518-IVXPDY5ph3kO.jpg,https://anilist.co/anime/153518,,8.9
Parasyte ,Yes,24,8.32,"All of a sudden, they arrived: parasitic aliens that descended upon Earth and quickly infiltrated humanity by burrowing into the brains of vulnerable targets. These insatiable beings acquire full control of their host and are able to morph into a variety of forms in order to feed on unsuspecting prey.   Sixteen-year-old high school student Shinichi Izumi falls victim to one of these parasites, but it fails to take over his brain, ending up in his right hand instead. Unable to relocate, the parasite, now named Migi, has no choice but to rely on Shinichi in order to stay alive. Thus, the pair is forced into an uneasy coexistence and must defend themselves from hostile parasites that hope to eradicate this new threat to their species.  [Written by MAL Rewrite]",https://cdn.myanimelist.net/images/anime/3/73178.jpg,https://myanimelist.net/anime/22535/Kiseijuu__Sei_no_Kakuritsu,,8.9
Dragon Ball Kai,Yes,159,8.3,"Five years after the events of Dragon Ball, martial arts expert Gokuu is now a grown man married to his wife Chi-Chi, with a four-year old son named Gohan. While attending a reunion on Turtle Island with his old friends Master Roshi, Krillin, Bulma and others, the festivities are interrupted when a humanoid alien named Raditz not only reveals the truth behind Gokuu's past, but kidnaps Gohan as well.  With Raditz displaying power beyond anything Gokuu has seen before, he is forced to team up with his old nemesis, Piccolo, in order to rescue his son. But when Gokuu and Piccolo reveal the secret of the seven mystical wish-granting Dragon Balls to Raditz, he informs the duo that there is more of his race, the Saiyans, and they won’t pass up an opportunity to seize the power of the Dragon Ba...",https://cdn.myanimelist.net/images/anime/1102/133990.jpg,https://myanimelist.net/anime/6033/Dragon_Ball_Kai,,8.9
Dororo,Yes,24,8.1,"Dororo, a young orphan thief, meets Hyakkimaru, a powerful ronin. Hyakkimaru's father, a greedy feudal lord, had made a pact with 12 demons, offering his yet-unborn son's body parts in exchange for great power. Thus, Hyakkimaru - who was born without arms, legs, eyes, ears, a nose or a mouth - was abandoned in a river as a baby. Rescued and raised by Dr. Honma, who equips him with artificial limbs and teaches him sword-fighting techniques, Hyakkimaru discovers that each time he slays a demon, a piece of his body is restored. Now, he roams the war-torn countryside in search of demons.",https://s4.anilist.co/file/anilistcdn/media/anime/cover/large/bx101347-TGaDwEYqLfm1.jpg,https://anilist.co/anime/101347,,8.9
Steins Gate ,Yes,24,8.9,"Self-proclaimed mad scientist Okabe Rintarou lives in a small room in Akihabara, where he invents ""future gadgets"" with fellow lab members Shiina Mayuri, his air-headed childhood friend, and Hashida Itaru, an otaku hacker. The three pass the time by tinkering with their latest creation, a ""Phone Microwave"" that can be controlled through text messages.   The lab members soon face a string of mysterious incidents that lead to a game-changing discovery: the Phone Microwave can send emails to the past and thus alter history. Adapted from the critically acclaimed visual novel by 5pb. and Nitroplus, Steins;Gate takes Okabe to the depths of scientific theory and human despair as he faces the dire consequences of changing the past.",https://s4.anilist.co/file/anilistcdn/media/anime/cover/large/bx9253-tIUXF2gfU8Sg.jpg,https://anilist.co/anime/9253,,8.8
Chainsaw Man,Yes,12,8.3,"Denji is a teenage boy living with a Chainsaw Devil named Pochita. Due to the debt his father left behind, he has been living a rock-bottom life while repaying his debt by harvesting devil corpses with Pochita. One day, Denji is betrayed and killed. As his consciousness fades, he makes a contract with Pochita and gets revived as ""Chainsaw Man"" — a man with a devil's heart.  ",https://s4.anilist.co/file/anilistcdn/media/anime/cover/large/bx127230-DdP4vAdssLoz.png,https://anilist.co/anime/127230,,8.8
Bungo stray dogs,Yes,60,8.2,"Stalked by a beastly white tiger, Atsushi Nakajima has no idea that the menace lives inside him—a power that catches the attention of the Armed Detective Agency. Using inhuman abilities to combat crime, this team takes Atsushi under the wing of their most eccentric member, Dazai. Together, they tear through mafia-muddled mysteries while enemies keep an eye on the tiger’s lofty bounty.  ",https://s4.anilist.co/file/anilistcdn/media/anime/cover/large/bx21311-hAXyT8Yoh6G9.jpg,https://anilist.co/anime/21311,,8.8
Kaiji ,Yes,52,8.2,"Itou Kaiji is a bum who steals car emblems and slashes tires on what seems to be a regular basis. This routine changes one day when he is paid a visit by a man in a trench-coat. Once the two get talking, it seems that the visitor (Calling himself Endou) is a debt collector. The reason for his visit is an unpaid loan which Kaiji had previously co-signed for a work-mate (Furuhata Takeshi). The original loan was 300,000 yen and once Takeshi had disappeared, the loan then fell on Kaiji. Kaiji is then told of a way to clear the interest compounded debt (which stood at 3,850,000 yen), which involved getting on a boat with others in his position. Once on the boat the debtors would then have to gamble with loaned money, which would end with a few winning, and others getting into deeper ...",https://s4.anilist.co/file/anilistcdn/media/anime/cover/large/bx3002-BExanPfxp888.jpg,https://anilist.co/anime/3002,,8.8
Rurouni Kenshin,Yes,47,7.9,"One hundred and forty years ago in Kyoto, with the coming of the American ""Black Ships,"" there arose a warrior who, felling men with his bloodstained blade, gained the name Hitokiri, manslayer! His killer blade helped close the turbulent Bakumatsu era and slashed open the progressive age known as Meiji. Then he vanished, and with the flow of years, became legend.",https://s4.anilist.co/file/anilistcdn/media/anime/cover/medium/b171637-h17RbEFtR0rQ.png,https://anilist.co/anime/142877/Rurouni-Kenshin-Meiji-Kenkaku-Romantan-2023/,,8.8
Shield hero,S4 ep 9,62,7.2,"Naofumi Iwatani, an uncharismatic Otaku who spends his days on games and manga, suddenly finds himself summoned to a parallel universe! He discovers he is one of four heroes equipped with legendary weapons and tasked with saving the world from its prophesied destruction. As the Shield Hero, the weakest of the heroes, all is not as it seems. Naofumi is soon alone, penniless, and betrayed. With no one to turn to, and nowhere to run, he is left with only his shield. Now, Naofumi must rise to become the legendary Shield Hero and save the world!  Note: - The first episode was pre-aired on December 27th, 2018. Regular broadcast began on January 9th, 2019. - The first episode aired with a runtime of ~47 minutes as opposed to the standard 24 minute long episode.",https://s4.anilist.co/file/anilistcdn/media/anime/cover/large/bx99263-LcazQwdlWzMy.jpg,https://anilist.co/anime/99263,,8.8
Seven deadly sins,Yes,136,6.9,"When they were accused of trying to overthrow the monarchy, the feared warriors the Seven Deadly Sins were sent into exile. Princess Elizabeth discovers the truth - the Sins were framed by the king's guard, the Holy Knights - too late to prevent them from assassinating her father and seizing the throne! Now the princess is on the run, seeking the Sins to help her reclaim the kingdom. But the first Sin she meets, Meliodas, is a little innkeeper with a talking pig. He doesn't even have a real sword! Have the legends of the Sins' strength been exaggerated?  ",https://s4.anilist.co/file/anilistcdn/media/anime/cover/large/bx20789-Ma5ouSYPkru9.jpg,https://anilist.co/anime/20789,,8.8
Full Metal Alchemist brotherhood,Yes,64,9,"Alchemy is bound by this Law of Equivalent Exchange—something the young brothers Edward and Alphonse Elric only realize after attempting human transmutation: the one forbidden act of alchemy. They pay a terrible price for their transgression—Edward loses his left leg, Alphonse his physical body. It is only by the desperate sacrifice of Edward's right arm that he is able to affix Alphonse's soul to a suit of armor. Devastated and alone, it is the hope that they would both eventually return to their original bodies that gives Edward the inspiration to obtain metal limbs called ""automail"" and become a state alchemist, the Fullmetal Alchemist.",https://s4.anilist.co/file/anilistcdn/media/anime/cover/large/bx5114-nSWCgQlmOMtj.jpg,https://anilist.co/anime/5114/Hagane-no-Renkinjutsushi-FULLMETAL-ALCHEMIST/,,8.7
Devil may cry,Yes,12,6.5,"Cursed to live as both monster and man, Dante must spend his life fighting the demonic forces of darkness. Brandishing his sword, Rebellion, and his always-loaded guns, Ebony and Ivory, Dante is more than happy to send the demons back to hell—especially when there’s money to be made. The wildly popular video game Devil May Cry is now a series, and this time, there’s no sympathy for the devil.  ",https://s4.anilist.co/file/anilistcdn/media/anime/cover/large/bx1726-IrpH32PVADiO.jpg,https://anilist.co/anime/1726,,8.7
CastleVania ,Yes,32,8.3,"Inspired by the popular video game series, this anime series is a dark medieval fantasy. It follows the last surviving member of the disgraced Belmont clan, Trevor Belmont, trying to save Eastern Europe from extinction at the hands of Vlad Dracula Tepes. As Dracula and his legion of vampires prepare to rid the world of humanity's stain, Belmont is no longer alone, and he and his misfit comrades race to find a way to save mankind from the grief-maddened Dracula.",https://encrypted-tbn1.gstatic.com/images?q=tbn:ANd9GcSuC2ZgsDQIwCQt1tnnC4KXRRCnAQaxs3FqwWXazm-jk6N2r6uQ,https://www.imdb.com/title/tt6517102/,,8.7
Erased,Yes,12,8.1,"Satoru Fujinuma is a 29 year old manga artist struggling to make a name for himself following his debut. But, that was not the only thing in his life that Satoru was feeling frustrated about… He has a unique supernatural ability of being forced to prevent deaths and catastrophes by being sent back in time before the incident occurred, repeating time until the accident is prevented. One day, he gets involved in an accident that has him framed as a murderer. Desperate to save the victim, he sends himself back in time only to find himself as a grade-schooler one month before fellow classmate Kayo Hinazuki went missing. Satoru now embarks on a new quest: to save Kayo and solve the mystery behind her disappearance. ",https://s4.anilist.co/file/anilistcdn/media/anime/cover/large/bx21234-XmqW39aQ9o7O.jpg,https://anilist.co/anime/21234,,8.7
Reincarnated as a slime,Yes,72,8,"Lonely thirty-seven-year-old Satoru Mikami is stuck in a dead-end job, unhappy with his mundane life, but after dying at the hands of a robber, he awakens to a fresh start in a fantasy realm...as a slime monster! As he acclimates to his goopy new existence, his exploits with the other monsters set off a chain of events that will change his new world forever!  ",https://s4.anilist.co/file/anilistcdn/media/anime/cover/large/bx101280-tDxCVJm714nt.jpg,https://anilist.co/anime/101280,,8.7
Mashle,Yes,24,7.7,"This is a world of magic. This is a world in which magic is casually used by everyone. In a deep, dark forest in this world of magic, there is a boy who is singlemindedly working out. His name is Mash Burnedead, and he has a secret. He can’t use magic.  All he wanted was to live a quiet life with his family, but people suddenly start trying to kill him one day and he somehow finds himself enrolled in Magic School. There, he sets his sights on becoming a “Divine Visionary,” the elite of the elite.  Will his ripped muscles work against the best and brightest of the wizarding world? The curtain rises on this off-kilter magical fantasy in which the power of being jacked crushes any spell!  ",https://s4.anilist.co/file/anilistcdn/media/anime/cover/large/bx151801-XxVf22Le6C8o.png,https://anilist.co/anime/151801,,8.7
Returners magic special,Yes,12,6.9,"Another dimension that continues to taint our world, the Shadow World. Humanity is faced with the worst calamity, known as the Shadow Labyrinth. In spite of their desperate attacks, Desir Herrman and his friends lose their battle to the Destruction Dragon, Boromir Napolitan, and the world comes to an end. When Desir is convinced of his end, he opens his eyes... to find himself 13 years in the past. Desir has gone back in time to the enrollment ceremony of Hebrion Academy, the top school for mages in the Empire.  To change the future of impending doom, Desir reassembles his friends once again to save the world!  ",https://s4.anilist.co/file/anilistcdn/media/anime/cover/large/bx163142-RjFeJrTnDA2B.png,https://anilist.co/anime/163142,,8.7
Kurokos basket,Yes,75,8,"Teikou Junior High School's basketball team is crowned champion three years in a row thanks to five outstanding players who, with their breathtaking and unique skills, leave opponents in despair and fans in admiration. However, after graduating, these teammates, known as ""The Generation of Miracles"", go their separate ways and now consider each other as rivals.  At Seirin High School, two newly recruited freshmen prove that they are not ordinary basketball players: Taiga Kagami, a promising player returning from the US, and Tetsuya Kuroko, a seemingly ordinary student whose lack of presence allows him to move around unnoticed. Although Kuroko is neither athletic nor able to score any points, he was a member of Teikou's basketball team, where he played as the ""Phantom Sixth Man,""...",https://s4.anilist.co/file/anilistcdn/media/anime/cover/large/bx11771-uvr44RAwRxPw.jpg,https://anilist.co/anime/11771,,8.6
Sakomoto days,Yes,22,7.8,"When Sakamoto meets Aoi, the convenience store clerk, it’s love at first sight — and just like that, he retires.  Sakamoto gets married, has a daughter, opens a mom-and-pop store in a quiet town, and completely transforms … into a plus-size man. To ensure a peaceful life with his beloved family, the legendary ex–hit man bands together with comrades to face off against the looming threat of assassins.  (Source: Netflix TUDUM)  Note: The series streamed a week in advance on Netflix Japan starting with episode 2 released alongside episode 1.",https://s4.anilist.co/file/anilistcdn/media/anime/cover/large/bx177709-e5Qx6RlsBgD5.png,https://anilist.co/anime/177709,,8.6
Ossan newbie adventurer,Yes,12,7.37,"Determined to pursue his glorious childhood dreams, 30-year-old Rick Gladiatol, a modest clerk in the adventurers' guild, is offered a once-in-a-lifetime opportunity after he fatefully encounters the dark elf Reanette Elfelt. Reanette happens to be an elite adventurer of the legendary party Orichalcum Fist, whose members welcome Rick under the condition that he follow a Spartan training.  Two years later, Rick is finally ready to take the E-Rank exam officially qualifying him as an adventurer. However, raw magical power can only be developed until one turns 20. As such, Rick faces the general hostility of fellow participants and examiners alike, leaving him no choice but to show the world that his hellish training has turned him into an invincible warrior.  [Written by MAL Rewrite]",https://cdn.myanimelist.net/images/anime/1212/144711.jpg,https://myanimelist.net/anime/54913/Shinmai_Ossan_Boukensha_Saikyou_Party_ni_Shinu_hodo_Kitaerarete_Muteki_ni_Naru,,8.6
My hero vigilante,Yes,13,7.6,"Kouichi Haimawari is a dull college student who aspires to be a hero but has given up on his dream. Although 80% of the world’s population has superhuman powers called Quirks, few are chosen to become heroes and protect people. Everything changes for Kouichi when he and Pop☆Step are saved by the vigilante Knuckleduster and get recruited to become vigilantes themselves!",https://s4.anilist.co/file/anilistcdn/media/anime/cover/large/bx185736-Ci6AiGwjKKtp.jpg,https://anilist.co/anime/185736/Vigilante-Boku-no-Hero-Academia-ILLEGALS/,,8.6
claymore,Yes,26,7.3,"A brutal scourge stalks the land. Yoma, monsters driven by a hunger satisfied by only one quarry - Humanity. The dark breed knows but a singular foe: Claymore. Human-Yoma hybrids of extraordinary strength and cunning, the Claymores roam from skirmish to skirmish delivering salvation by the edge of a blade.  Thus begins the twisting tale of Clare, one such sister of the sword driven by pain in both victory and defeat. A child silent and suffering hidden in her past, Clare's march toward vengeance unfolds along a path marked by violence, solitude and scorn. In a land where even the predator is prey, the haunted hearts of hunter and hunted alike wear the scars of the age.  ",https://s4.anilist.co/file/anilistcdn/media/anime/cover/large/bx1818-KieLJv0qo3mO.jpg,https://anilist.co/anime/1818,,8.6
The four knights of apocolypse,Yes,24,7.25,"Percival has always lived with his grandfather on God's Finger, a remote haven that sits high above the clouds. And though he loves the simple life, he secretly longs for adventure. But Percival's life is changed forever when an intruder—who shares a shocking connection with him—tears away everything he's ever known.  With nothing left to do but chase down the one who took everything from him, Percival sets out on his own. During his journey, the sheltered boy discovers that there are a lot of things he doesn't know about normal life. Luckily, he meets friends along the way who can help him get by—but how will they react when they find out about Percival's destiny... and how it's connected to the end of the world?  ",https://cdn.myanimelist.net/images/anime/1229/141256.jpg,https://myanimelist.net/anime/51794/Nanatsu_no_Taizai__Mokushiroku_no_Yonkishi,,8.6
baki,Yes,48,7.2,"Baki Hanma is a young fighter who yearns to follow in the footsteps of his father, Yujiro, and become the strongest fighter in the world. Through that he trains tirelessly and fights constantly to hone his skills and develop his body to achieve these goals. Many intense battles lay ahead of Baki as he goes about his quest to be the best and ultimately take the title of ""King"" from his father.",https://s4.anilist.co/file/anilistcdn/media/anime/cover/large/bx287-goNFQRZPze2g.jpg,https://anilist.co/anime/287,,8.6
God of high school,Yes,13,6.9,"It all began as a fighting tournament to seek out for the best fighter among all high school students in Korea. Mori Jin, a Taekwondo specialist and a high school student, soon learns that there is something much greater beneath the stage of the tournament.",https://s4.anilist.co/file/anilistcdn/media/anime/cover/large/bx116006-Wt8JSA1ZQxlM.png,https://anilist.co/anime/116006,,8.6
Tokyo ghoul,Yes,48,6.6,"The suspense horror/dark fantasy story is set in Tokyo, which is haunted by mysterious ""ghouls"" who are devouring humans. People are gripped by the fear of these ghouls whose identities are masked in mystery. An ordinary college student named Kaneki encounters Rize, a girl who is an avid reader like him, at the café he frequents. Little does he realize that his fate will change overnight.  ",https://s4.anilist.co/file/anilistcdn/media/anime/cover/medium/b20605-k665mVkSug8D.jpg,https://anilist.co/anime/20605,,8.6
Ninja kamui,Yes,13,6.58,"Seemingly an average man, Joe Logan leads a peaceful life in the countryside with his wife and child. However, the Logan family have actually assumed false identities to escape from Joe's past as a fearsome ninja assassin. Despite a string of high-profile murders of his former peers, Joe is sure that his new life is secure—but his tranquil bliss is soon shattered when his family is slaughtered by members of his former clan.  Left for dead, Joe wakes up in a hospital, unsure of how he survived the wounds that should have killed him. Police detectives Emma Samanda and Mike Moriss, assigned to investigate the Logan family's deaths, witness another attempt on Joe's life. However, this time Joe is prepared. Unleashing secret techniques, he easily dispatches his enemies, shedding his new iden...",https://cdn.myanimelist.net/images/anime/1142/141351.jpg,https://myanimelist.net/anime/56285/Ninja_Kamui,,8.6
Assasination classroom,Yes,47,8.1,"The students of class 3-E have a mission: kill their teacher before graduation. He has already destroyed the moon, and has promised to destroy the Earth if he can not be killed within a year. But how can this class of misfits kill a tentacled monster, capable of reaching Mach 20 speed, who may be the best teacher any of them have ever had?",https://s4.anilist.co/file/anilistcdn/media/anime/cover/large/bx20755-dWrhs569YGUO.jpg,https://anilist.co/anime/20755,,8.6
One piece,ep 1130,1145,8.73,"Barely surviving in a barrel after passing through a terrible whirlpool at sea, carefree Monkey D. Luffy ends up aboard a ship under attack by fearsome pirates. Despite being a naive-looking teenager, he is not to be underestimated. Unmatched in battle, Luffy is a pirate himself who resolutely pursues the coveted One Piece treasure and the King of the Pirates title that comes with it.  The late King of the Pirates, Gol D. Roger, stirred up the world before his death by disclosing the whereabouts of his hoard of riches and daring everyone to obtain it. Ever since then, countless powerful pirates have sailed dangerous seas for the prized One Piece only to never return. Although Luffy lacks a crew and a proper ship, he is endowed with a superhuman ability and an unbreakable spirit that mak...",https://cdn.myanimelist.net/images/anime/1244/138851.jpg,https://myanimelist.net/anime/21/One_Piece,,8.6
Scissor seven,Yes,50,8.4,"On Chicken Island, there is a no-good assassin named Wu Liuqi who is forced to work part-time at a hair salon to make a living. Scissors are his weapon of choice. Since he's relatively new and unaccomplished as an assassin, he has to work cheap, and he gets stuck with eclectic targets, like the rock singer and dog lover Wang Feng, the old fruit vendor lady who's tougher than she looks, and the masked lady assassin Meihua Shisan. As he tries his best to accomplish each mission, Wu Liuqi begins to recover memories of his past, and realizes his true identity…",https://s4.anilist.co/file/anilistcdn/media/anime/cover/large/bx107912-pLrOL1AzEIEt.jpg,https://anilist.co/anime/107912/Cike-Wu-Liuqi/,,8.5
Naruto,Yes,220,8.01,"Twelve years ago, a colossal demon fox terrorized the world. During the monster's attack on the Hidden Leaf Village, the Hokage—the village's leader and most powerful ninja—sacrifices himself to seal the beast inside a newborn, relieving civilization from destruction while dooming the baby to a lonely life.  Now, after years of being shunned and bullied, Naruto Uzumaki pesters the village with elaborate pranks and vandalism. Despite these antics, he works hard to achieve his dream: to become the Hokage and earn the acknowledgement of those who have mistreated him for his entire life. Naruto joins Team 7, a ninja squad made up of two of his peers—prodigy Sasuke Uchiha and clever Sakura Haruno.  Under the aloof Kakashi Hatake's leadership, Team 7 takes on a series of difficult missions, f...",https://cdn.myanimelist.net/images/anime/1141/142503.jpg,https://myanimelist.net/anime/20/Naruto,,8.5
Dorohedoro,Yes,12,7.9,"The story revolves around Kaiman, who does not remember who he was before he was transfigured by a Magic user. This transformation left him with a reptile's head, and a desire to find out the truth about who he really is. Accompanied by Nikaido, his female companion, he tracks down Magic Users in ""The Hole"" and unceremoniously chomps down on their head, hoping to find out who it was that put him in this state. One by one, they witness this ""second man"" inside the head of Kaiman, and after pulling them back out of his mouth he asks them all a question... ""What did the guy inside my head say?"" ",https://s4.anilist.co/file/anilistcdn/media/anime/cover/large/bx105228-I4xr84QS9Pvk.jpg,https://anilist.co/anime/105228,,8.5
Magi,Yes,63,7.9,"This story is about the flow of fate and the battle to keep the world on the right path. Aladdin is a boy who has set out to explore the world after being trapped in a room for most of his life. His best friend is a flute with a djinn in it named Ugo. Soon enough, Aladdin discovers he is a Magi, a magician who chooses kings, and he was born to choose kings who will follow the righteous path, battling against those who want to destroy fate. Follow his adventures as he meets others from 1001 Arabian Nights, like Ali Baba and Sinbad, and fights to keep the balance of the world in check!",https://s4.anilist.co/file/anilistcdn/media/anime/cover/large/bx14513-HuUdrFFYftA7.jpg,https://anilist.co/anime/14513,,8.5
Dead Mount Death Play,Yes,24,7.3,"As a legendary hero nears victory against a necromancer known as The Corpse God, things take an unexpected turn with the dark sorcerer’s final gambit—reincarnation magic. This last-ditch effort catches the brave fighter off guard, and now he’s a boy named Polka Shinoyama in a whole new world! The showdown between good and evil just got epic.  ",https://s4.anilist.co/file/anilistcdn/media/anime/cover/large/bx157198-LVZ7PgxWwc6v.jpg,https://anilist.co/anime/157198,,8.5
New Saga,Yes,12,6.4,"After a brutal war, magic swordsman Kyle defeats the Demon King but is left dying. A crimson crystal sends him four years into the past to his once-destroyed hometown where he finds his lost loved ones alive. Armed with future knowledge, Kyle vows to prevent the coming tragedy and rewrite fate.   Note: Initially scheduled for July 2023, the anime saw several delays and a complete change in Director (previously Norikazu Ishigooka) and Studio (previously Yokohama Anime Lab x Makaria) ",https://s4.anilist.co/file/anilistcdn/media/anime/cover/large/bx155838-0zx6MTeoo5sk.jpg,https://anilist.co/anime/155838,,8.5
Mushoku Tensei,S2 ep17,48,8.3,"When a 34-year-old underachiever gets run over by a bus, his story doesn’t end there. Reincarnated in a new world as an infant, Rudeus will seize every opportunity to live the life he’s always wanted. Armed with new friends, some freshly acquired magical abilities, and the courage to do the things he’s always dreamed of, he’s embarking on an epic adventure—with all of his past experience intact!    Note: The anime pre-screened its 1st and 2nd episode starting on the 27th of December on the Nico Nico Live Broadcasting and D Anime Store services<i/>",https://s4.anilist.co/file/anilistcdn/media/anime/cover/large/bx108465-1ANspF1EWyFx.jpg,https://anilist.co/anime/108465,,8.5
The Wrong Way to Use Healing Magic,Yes,13,7.5,"An ordinary walk home from school turns into an epic journey for Usato. After suddenly being dropped into another world with two fellow students, Usato learns he was summoned there by accident. But things turn around when he discovers a unique aptitude for healing magic! Now, he trains beyond human limitations, using his self-healing abilities to gain absurd strength and unrivaled stamina.  ",https://s4.anilist.co/file/anilistcdn/media/anime/cover/large/bx137908-50af3lKVbst2.jpg,https://anilist.co/anime/137908,,8.4
Undead unluck,Yes,24,7.7,"All Fuuko wants is a passionate romance like the one in her favorite shoujo manga. Unfortunately, her Unluck ability makes that impossible. But just as Fuuko hits rock bottom, Andy sweeps her off her feet—literally! Now she's become Andy's unwilling test subject as he works to find a way to trigger a stroke of Unluck big enough to kill him for good. However, when the pair discovers a secret organization is hunting them, it puts Andy's burial plans on hold.  ",https://s4.anilist.co/file/anilistcdn/media/anime/cover/large/bx154116-3ydDI9hhvPgw.png,https://anilist.co/anime/154116,,8.4
Steins Gate 0,Yes,23,8.4,"The eccentric, self-proclaimed mad scientist Rintarou Okabe has become a shell of his former self. Depressed and traumatized after failing to rescue his friend, he has decided to forsake his mad scientist alter ego and live as an ordinary college student. Surrounded by friends who know little of his time travel experiences, Okabe spends his days trying to forget the horrors of his adventures alone.  While working as a receptionist at a college technology forum, Okabe meets the short, spunky Maho Hiyajo, who later turns out to be the interpreter at the forum's presentation, conducted by Professor Alexis Leskinen. In front of a stunned crowd, Alexis and Maho unveil Amadeus—a revolutionary AI capable of storing a person's memories and creating a perfect simulation of that person co...",https://s4.anilist.co/file/anilistcdn/media/anime/cover/large/bx21127-7ARWZkDXKiiD.jpg,https://anilist.co/anime/21127,,8.4
Shaman King,Yes,64,7.3,"Shamans possess mysterious powers that allow them to commune with gods, spirits, and even the dead…and Manta Oyamada's about to learn all about them, because his class just welcomed a new transfer student: Yoh Asakura, a boy from way off in Izumo…and a shaman in training!  ",https://s4.anilist.co/file/anilistcdn/media/anime/cover/large/bx154-hSYv4EtcBE1p.png,https://anilist.co/anime/154,,8.4
Pluto ,Yes,8,8.44,"Gesicht, an android police detective of Europol, is tasked with finding the murderer of Montblanc, a retired war hero robot. Although it appears that only a robot could have committed this crime, the murder of a renowned robot rights activist casts doubts on the criminal's identity. Indeed, outside of an isolated and unexplained incident that occurred eight years ago, robots are programmed to be unable to kill human beings. However, the lack of human evidence on the crime scene and the similarity of modus operandi lead Gesicht to suspect that the two murderers might be the same being—be they man or robot.  Shortly after Montblanc's passing, another retired elite war robot is mysteriously eliminated. Gesicht notices a pattern in the choice of murder victim: both dead robots belonged to a...",https://cdn.myanimelist.net/images/anime/1021/138568.jpg,https://myanimelist.net/anime/35737/Pluto,,8.4
Btooom!,Yes,12,6.8,"In the blink of the mind's eye, Ryouta Sakamoto suddenly finds himself transported from playing the hit Btoom! video game to being stranded on a mysterious island, equipped with a day's worth of provisions, a bag of bombs, a strange crystal embedded in his left hand and a huge gaping hole in his memory. But it doesn't take long to figure out what's going on, especially after the first person Ryouta meets tries to kill him. Someone is attempting to recreate the ultra-violent Btoom! game in real life, and the island has been filled with an army of other unwilling players, each armed with one of the multiple variants of explosive weapons called BIM. Fortunately, Ryouta's an ace Btoom! player, but this insane version of the game has no reset switch or second lives, and there's only one way ...",https://s4.anilist.co/file/anilistcdn/media/anime/cover/large/bx14345-BeDPCuhQGtL5.jpg,https://anilist.co/anime/14345,,8.3
No game no life,Yes,12,8.04,"Sixteen sentient races inhabit Disboard, a world overseen by Tet, the One True God. The lowest of the sixteen—Imanity—consists of humans, a race with no affinity for magic. In a place where everything is decided through simple games, humankind seems to have no way out of their predicament—but the arrival of two outsiders poses a change.  On Earth, stepsiblings Sora and Shiro are two inseparable shut-ins who dominate various online games under the username ""Blank."" While notorious on the internet, the pair believe that life is merely another dull game. However, after responding to a message from an unknown user, they are suddenly transported to Disboard. The mysterious sender turns out to be Tet, who informs them about the world's absolute rules. After Tet leaves, Sora and Shiro begin th...",https://cdn.myanimelist.net/images/anime/1074/111944.jpg,https://myanimelist.net/anime/19815/No_Game_No_Life,,8.2
Eighty six,Yes,23,8.4,"Called “Juggernaut,” these are the unmanned combat drones developed by the Republic of San Magnolia in answer to the attacks by the autonomous unmanned drones of the neighboring Empire of Giad, the “Legion”. But they’re only unmanned in name. In reality, they are piloted by the Eighty-sixers—those considered to be less than human and treated as mere tools.  Determined to achieve his own mysterious ends, Shin, the captain of Spearhead Squadron, which is comprised of Eighty-sixers, continues to fight a hopeless war on a battlefield where only death awaits him.  ",https://s4.anilist.co/file/anilistcdn/media/anime/cover/large/bx116589-qT34qzsZtk9V.jpg,https://anilist.co/anime/116589,,8.3
D Gray man,Yes,116,7.6,"Towards the end of the 19th century, Allen Walker officially joins the organization of Exorcists that destroy the beings known as Akuma; mechanic weapons made by the Millennium Earl with the suffering souls of the dead. Allen has both a cursed eye and an anti-Akuma weapon as an arm, bearing the power of ""Innocence"", a gift given to him as an apostle of God. Allen, along with his fellow Exorcists must put a stop to the Millennium Earl's ultimate plot that could lead to the destruction of the world and all who live on it.",https://s4.anilist.co/file/anilistcdn/media/anime/cover/large/bx1482-6jc8ZVSmHuLo.jpg,https://anilist.co/anime/1482,,8.3
Dan da dan,Yes,24,8.4,"This is a story about Momo, a high school girl who comes from a family of spirit mediums, and her classmate Okarun, an occult fanatic. After Momo rescues Okarun from being bullied, they begin talking. However, an argument ensues between them since Momo believes in ghosts but denies aliens exist, and Okarun believes in aliens but denies ghosts exist.  To prove to each other what they believe in is real, Momo goes to an abandoned hospital where a UFO has been spotted and Okarun goes to a tunnel rumored to be haunted. To their surprise, they each encounter overwhelming paranormal activities that transcend comprehension. Amid these predicaments, Momo awakens her hidden power and Okarun gains the power of a curse to overcome these new dangers! Their fateful love begins as well!? ...",https://s4.anilist.co/file/anilistcdn/media/anime/cover/large/bx171018-60q1B6GK2Ghb.jpg,https://anilist.co/anime/171018,,8.3
Kengan ashura,Yes,52,7.9,"Since the Edo periods of Japan, gladiator arenas exist in certain areas. In these arenas, wealthy business owners and merchants hire gladiators to fight in unarmed combat where winner takes all. Toki Taouma, nicknamed ""Ashura"", joins these arenas and devastates his opponents. His spectacular ability to crush his enemies catches the attention of the big business owners, including the Nogi Group chairman, Nogi Hideki.",https://s4.anilist.co/file/anilistcdn/media/anime/cover/large/bx100891-vPfnfkzizYFe.jpg,https://anilist.co/anime/100891/Kengan-Ashura/,,8.2
Moonlit fantasy ,Yes,37,7.7,"Makoto Misumi was just an average teenager who happened to suddenly be summoned to another world as a ""hero."" But the goddess of this world called him ugly and took his hero status away from him then sent him to the ends of the world. In the wastelands, he meets dragons, spiders, orcs, dwarves and many other non-human races. Makoto manages to show promises in the use of magic and fighting, which he wouldn't have been able to do in his former world. He has numerous encounters, but will he be able to survive this new world? A fantasy where a guy who had been abandoned by gods and humanity tries to reset his life in this new world is about to begin!  ",https://s4.anilist.co/file/anilistcdn/media/anime/cover/large/bx125206-O2MsOWdW1lVi.jpg,https://anilist.co/anime/125206,,8.2
Bastard,Yes,39,6.5,"When evil forces threaten to resurrect Anthrasax, the God of Destruction, the Kingdom of Meta-llicana calls on a volatile dark wizard (Dark Schneider) for help. ",https://s4.anilist.co/file/anilistcdn/media/anime/cover/large/bx144677-nn0zdlrGZ4Ir.jpg,https://anilist.co/anime/144677/BASTARD-Ankoku-no-Hakaishin-ONA/ ,,8.2
Cagester insect cage,Yes,12,6.2,"The nightmare that wiped out two thirds of the human race thirty years ago wasn't caused by germs. It was bugs on an entirely different kind of scale: bizarre insects that mutate their victims into half-human creatures that rapidly evolve into rampaging giant monsters!  Yet, as unstoppable as the monstrous insects seemed, humanity is as hard to kill as cockroaches, and exterminators like Kidou now spend their lives stalking and killing the creatures called Cagasters. As the brief still-partially human phase is the best time to strike, however, exterminators soon learn to distance themselves, socially and emotionally, from normal people. But when Kidou finds himself suddenly tasked with returning a young survivor to her mother, he starts to realize that his emotions and humanity ...",https://s4.anilist.co/file/anilistcdn/media/anime/cover/large/bx109586-kCEXqdiTMX0j.png,https://anilist.co/anime/109586,,8.2
Overlord,Yes,52,7.7,"The story takes place in the year 2138 when virtual reality gaming is booming. Yggdrasil, a popular online game is quietly shut down one day. However, the protagonist Momonga decides to not log out. Momonga is then transformed into the image of a skeleton as ""the most powerful wizard."" The world continues to change, with non-player characters (NPCs) beginning to feel emotion. Having no parents, friends, or place in society, this ordinary young man Momonga then strives to take over the new world the game has become.  ",https://s4.anilist.co/file/anilistcdn/media/anime/cover/large/bx20832-vUNm5zrYWifc.jpg,https://anilist.co/anime/20832,,8.1
Zom 100,Yes,12,7.7,"Surviving a zombie apocalypse beats being a wage slave any day! After spending years slaving away for a soul-crushing company, Akira's life has lost its luster. He lives in a trash-filled apartment, his pay is abysmal, and he can't even muster up the nerve to confess his love to his beautiful co-worker. But when a zombie apocalypse ravages his town, it gives him the push he needs to live for himself. Now Akira's on a mission to complete all 100 items on his bucket list before he...well, kicks the bucket.   ",https://s4.anilist.co/file/anilistcdn/media/anime/cover/large/bx159831-cJUNqCqzuApc.png,https://anilist.co/anime/159831,,8
Log horizon ,Yes,62,7.3,"The online fantasy game Elder Tales is a worldwide phenomenon, immersing millions of players in its intricately conceived virtual world. However, the release of the game's twelfth expansion pack makes that immersion all too literal, as players from around the world are suddenly pulled into the game's no-longer-fictional universe! Now, eight-year ET veteran Shiroe, his friend Naotsugu, the beautiful assassin Akatsuki, and 30,000 other players are faced with the daunting task of learning how to deal with an entirely new reality, one where the Non-Player Characters are actually alive, and the tips and tricks learned while playing with a keyboard no longer apply. (Source: Sentai Filmworks)",https://s4.anilist.co/file/anilistcdn/media/anime/cover/large/bx17265-RyErURYesjJt.jpg,https://anilist.co/anime/17265,,8.1
The Kingdoms of ruin,Yes,12,6.1,"Witches once blessed the human race with wisdom and peace. But the Redia Empire's ""Gear Expansion"" brought about a culture of science that far surpassed magic, and witches were viewed as enemies impeding the progress of civilization. Thus began the witch hunts. One human named Adonis, who was raised by a witch named Chloe, swears revenge against the human race that took his beloved mentor from him. What salvation can be found at the end of a bloodbath fueled by utter despair?  ",https://s4.anilist.co/file/anilistcdn/media/anime/cover/large/bx160900-GxVB6H5ewrqv.jpg,https://anilist.co/anime/160900,,8.1
So I'm a spider so what,Yes,24,7.2,"I, the protagonist, was just an ordinary high school girl, but suddenly I was reincarnated as a spider monster in a fantasy world. Not only that, but I awakened in a dungeon filled with vicious monsters. Armed with only my human knowledge and my overwhelming positivity, I'm forced to use spiderwebs and traps to defeat far stronger monsters just to stay alive... So begins the labyrinth survival story of a girl with incredible mental strength living as one of the lowest-ranked beasts!  ",https://s4.anilist.co/file/anilistcdn/media/anime/cover/large/bx103632-2wsy9wFUdm1C.jpg,https://anilist.co/anime/103632,,8
Good night world,Yes,12,7,"In the online game ""Planet,"" there is a powerful team of four players. This team goes by the name ""The Akabane Family,"" and its members are a pseudo-family that only exists in the game. Although they aren't aware of it, these four players are actually a broken family in real life. A shut-in older brother. A high-achieving younger brother. A father who is not respected by his own children. A mother who neglects her own household. They do not know the warmth of family. They also don't know that the warmth of their online family is only a passing feeling. And most of all, they don't know they are a real family. Centered on the deeds of the Akabane Family in the online game ""Planet,"" the story features battles against monsters, clashes with other guilds, and the machinations surrounding ""Bl...",https://s4.anilist.co/file/anilistcdn/media/anime/cover/large/bx167820-RO0nRXw7fcpu.jpg,https://anilist.co/anime/167820,,8
A.I.C.O,Yes,12,6.53,"In 2035, an incident known as “The Burst” occurs at a Japanese research facility,  giving birth to the rapidly expanding, consuming, and self-replicating ""Matter."" Snaking its way through the remains of dams and military facilities in the Kurobe Gorge, the hostile Matter is besieged by task forces trying to prevent it from reaching the ocean and mercenaries seeking the truth behind its existence.  Aiko Tachibana lives under constant medical surveillance after being rescued from the Matter. She spends her days waiting out her recovery by making paper planes. Soon, her daily life at school is disturbed by the arrival of transfer student Yuuya Kanzaki, who proceeds to point out a number of inconsistencies regarding her body. Why is she never injured, and why does she suddenly no longer nee...",https://cdn.myanimelist.net/images/anime/1921/91085.jpg,https://myanimelist.net/anime/36039/AICO_Incarnation,,8
Mob Psycho 100,Yes,37,8.6,"The story revolves around ""Mob,"" a boy who will explode if his emotional capacity reaches 100%. This boy with psychic powers earned his nickname ""Mob"" because he does not stand out among other people. He keeps his psychic powers bottled up so he can live normally, but if his emotional level reaches 100, something will overwhelm his entire body.  ",https://s4.anilist.co/file/anilistcdn/media/anime/cover/large/bx21507-6YUSbh2m0N1p.jpg,https://anilist.co/anime/21507,,8.1
Berserk (Original),Yes,25,8.4,"Set during a time that very much resembles Europe during the Middle Ages, Berserk is a story of revenge set in the castle town of Midland. Recently, the town has seen the rise of a wicked king, who uses demonic minions to control and victimise his subjects.  However, when a lone soldier enters the town calling himself the Black Swordsman and armed to the teeth, many sense that the king's days of unchecked oppression are over. Soon, the Black Swordsman is plying his trade by hunting down the king's evil servants, giving no quarter, and preparing to exact his vengeance on the king.  (Source: MVM Entertainment)",https://s4.anilist.co/file/anilistcdn/media/anime/cover/large/bx33-PSwfE5B0gejI.jpg,https://anilist.co/anime/33,,8.1
"I Got a Cheat Skill in Another World and Became Unrivaled in The Real World, Too",Yes,13,6.3,"All his life, Yuuya has been bullied at school and neglected by his parents. After moving into his late grandfather’s home, he discovers a strange door that seems to be calling out to him. Yuuya opens the door, steps inside, and is suddenly transported to a magical world! This new world holds rare treasures and grants him powerful skills, which he takes back to Earth for a new lease on life.  ",https://s4.anilist.co/file/anilistcdn/media/anime/cover/large/bx153845-C47aoKy7wf19.jpg,https://anilist.co/anime/153845,,7.8
eminence in shadow,Yes,32,8.1,"Some people just aren’t suited to playing the part of the flashy, in-your-face hero or the dastardly, mustache-twirling villain with larger-than-life panache. Instead, they operate in the shadows and pull the strings of society through wit and cleverness. That’s the role Cid wants to play when he’s transported to another world. Cid spins a yarn or three and becomes the unlikely leader of the underground Shadow Garden organization that fights against a menacing cult (which he totally made up). However, there’s a catch even his wild imagination didn’t see coming: the cult he concocted actually exists, and they’re beyond displeased that his power fantasy just got in the way of their evil plans!  (Source: HIDIVE)",https://s4.anilist.co/file/anilistcdn/media/anime/cover/large/bx130298-YMdcKHytpWNH.jpg,https://anilist.co/anime/130298,,7.9
Terror in resonance,Yes,11,7.8,"Painted in red, the word ""VON"" is all that is left behind after a terrorist attack on a nuclear facility in Japan. The government is shattered by their inability to act, and the police are left frantically searching for ways to crack down the perpetrators. The public are clueless—until, six months later, a strange video makes its way onto the internet. In it, two teenage boys who identify themselves only as ""Sphinx"" directly challenge the police, threatening to cause destruction and mayhem across Tokyo. Unable to stop the mass panic quickly spreading through the city and desperate for any leads in their investigation, the police struggle to act effectively against these terrorists, with Detective Kenjirou Shibazaki caught in the middle of it all.  Zankyou no Terror tells ...",https://s4.anilist.co/file/anilistcdn/media/anime/cover/large/bx20661-aCR7QgzDfOSI.png,https://anilist.co/anime/20661,,7.6
Zodiac war ,Yes,12,6.2,"The record of the bloody battle between the twelve proud warriors— The 12th Twelve Tournament that gets held every twelve years… Twelve brave warriors who bear the names of the signs of the zodiac fight each other for the lives and souls. The participants are twelve very strange warriors: “Rat,” “Ox,” “Tiger,” “Rabbit,” “Dragon,” “Snake,” “Horse,” “Goat,” Monkey,” “Rooster,” “Dog,” and “Pig.” The victor of this tournament gets to have one wish granted, whatever the wish may be. The one wish they want granted— Who will be the final survivor? Whose tears will flow on the bloody battlefield filled with conspiracy and murder? A soul-shaking battle royale is about to begin.  ",https://s4.anilist.co/file/anilistcdn/media/anime/cover/large/nx98443-1d7qImgzb6Dj.jpg,https://anilist.co/anime/98443,,7.6
Boruto,Yes,293,5.99,"Following the successful end of the Fourth Shinobi World War, Konohagakure has been enjoying a period of peace, prosperity, and extraordinary technological advancement. This is all due to the efforts of the Allied Shinobi Forces and the village's Seventh Hokage, Naruto Uzumaki. Now resembling a modern metropolis, Konohagakure has changed, particularly the life of a shinobi. Under the watchful eye of Naruto and his old comrades, a new generation of shinobi has stepped up to learn the ways of the ninja.  Boruto Uzumaki is often the center of attention as the son of the Seventh Hokage. Despite having inherited Naruto's boisterous and stubborn demeanor, Boruto is considered a prodigy and is able to unleash his potential with the help of supportive friends and family. Unfortunately, this has...",https://cdn.myanimelist.net/images/anime/1091/99847.jpg,https://myanimelist.net/anime/34566/Boruto__Naruto_Next_Generations,,7.7
Uncle from another world,Yes,13,7.6,"​Seventeen years ago, Takafumi's uncle fell into a coma, but now he's back like a man risen from his grave. Soon, Takafumi discovers two bizarre things: His uncle treasures video games above all else, and, while comatose, he was actually transported to another world as some heroic guardian! Now, not only does Takafumi have to room with an uncle who is literally magical, he also has to catch the guy up on two decades of history—smartphones, high-speed internet, modern anime tropes…and the traumatic outcome of the '90s console war!    ",https://s4.anilist.co/file/anilistcdn/media/anime/cover/large/bx135806-uhqZSNTYZe04.jpg,https://anilist.co/anime/135806,,7.5
Frieren,s1ep14,28,9.1,"The adventure is over but life goes on for an elf mage just beginning to learn what living is all about. Elf mage Frieren and her courageous fellow adventurers have defeated the Demon King and brought peace to the land. But Frieren will long outlive the rest of her former party. How will she come to understand what life means to the people around her? Decades after their victory, the funeral of one her friends confronts Frieren with her own near immortality. Frieren sets out to fulfill the last wishes of her comrades and finds herself beginning a new adventure…  ",https://s4.anilist.co/file/anilistcdn/media/anime/cover/large/bx154587-qQTzQnEJJ3oB.jpg,https://anilist.co/anime/154587,,
classroom of the elite,S1 ep4,38,7.8,"Koudo Ikusei Senior High School is a leading school with state-of-the-art facilities. The students there have the freedom to wear any hairstyle and bring any personal effects they desire. Koudo Ikusei is like a utopia, but the truth is that only the most superior students receive favorable treatment.  Kiyotaka Ayanokouji is a student of D-class, which is where the school dumps its ""inferior"" students in order to ridicule them. For a certain reason, Kiyotaka was careless on his entrance examination, and was put in D-class. After meeting Suzune Horikita and Kikyou Kushida, two other students in his class, Kiyotaka's situation begins to change.  (Source: Anime News Network, edited)",https://s4.anilist.co/file/anilistcdn/media/anime/cover/large/bx98659-WNyPLIZDpGGY.jpg,https://anilist.co/anime/98659,,
Wind breaker,S1 ep8,25,7.8,"Where the average scores are the lowest, but the fights are the strongest. Furin High School is renowned as a super school of delinquents. Haruka Sakura, a first-year student, came from outside the city to fight to the top. However, Furin High School has become a group that protects the town called the “Chime of the Wind Breaker” – Bofurin. The heroic legend of high school delinquent Sakura begins here!  ",https://s4.anilist.co/file/anilistcdn/media/anime/cover/large/bx163270-wboZJp0ybwVK.jpg,https://anilist.co/anime/163270,,
Psycho pass,S1 ep12,41,7.7,"Justice, and the enforcement of it, has changed. In the 22nd century, Japan enforces the Sibyl System, an objective means of determining the threat level of each citizen by examining their mental state for signs of criminal intent, known as their Psycho-Pass. Inspectors uphold the law by subjugating, often with lethal force, anyone harboring the slightest ill-will; alongside them are Enforcers, jaded Inspectors that have become latent criminals, granted relative freedom in exchange for carrying out the Inspectors' dirty work.  Into this world steps Akane Tsunemori, a young woman with an honest desire to uphold justice. However, as she works alongside veteran Enforcer Shinya Kougami, she soon learns that the Sibyl System's judgments are not as perfect as her fellow Inspectors ass...",https://s4.anilist.co/file/anilistcdn/media/anime/cover/large/bx13601-i42VFuHpqEOJ.jpg,https://anilist.co/anime/13601,,
Soul eater ,S1 ep5,51,7.7,"Set in the Shinigami technical school for weapon meisters, the series revolves around 3 groups of each a weapon meister and a human weapon. Trying to make the latter a ""Death Scythe"" which is the highest title for a weapon and thus fit for use by the Shinigami, they must collect the souls of 99 evil humans and 1 witch. Maka &amp; Soul Eater, Black Star &amp; Tsubaki, and Death the Kid with Patty and Liz Thompson are the characters Soul Eater revolves around. Besides taking the time to gather souls, these students of Shibusen defend Death City from some of the most powerful of creatures while still attending school and trying to become stronger.",https://s4.anilist.co/file/anilistcdn/media/anime/cover/large/bx3588-fSMggQoFSbUI.png,https://anilist.co/anime/3588,,
Tokyo Revengers,S3 ep1,50,7.6,"Takemichi Hanagaki is a freelancer that's reached the absolute pits of despair in his life. He finds out that the only girlfriend he ever had in his life that he dated in middle school, Hinata Tachibana, had been killed by the ruthless Tokyo Manji Gang.  The day after hearing about her death, he's standing on the station platform and ends up being pushed over onto the tracks by a herd of people. He closes his eyes thinking he's about to die, but when he opens his eyes back up, he somehow had gone back in time 12 years.  Now that he's back living the best days of his life, Takemichi decides to get revenge on his life by saving his girlfriend and changing himself that he'd been running away from.  ",https://s4.anilist.co/file/anilistcdn/media/anime/cover/large/bx120120-cWDmnmeEntSe.jpg,https://anilist.co/anime/120120,,
Ragna crimson,S1 ep18,24,7.4,"Dragons reign terror over the earth, sea and sky. If sworn dragon hunters like Ragna are to have any hope of dealing death to these seemingly invincible, fire-breathing beasts, they must find a way to level the odds. Ragna teams up with a mysterious man named Crimson who has likewise sworn to stand against the dragons menacing the world. But although Crimson’s motivations may be mysterious, his goal and Ragna’s perfectly align, and together they’ll fight to vanquish the dragons once and for all.  (Source: Sentai Filmworks)  Note: The first episode aired with a runtime of ~47 minutes.",https://s4.anilist.co/file/anilistcdn/media/anime/cover/large/bx146493-bThyDJ4ZmbfV.jpg,https://anilist.co/anime/146493,,
Edens zero ,s2 ep1,50,7.2,"Eleven months after the grand finale of Fairy Tail, master mangaka Hiro Mashima is back with a great adventure beyond imagination! All the steadfast friendship, crazy fighting, and blue cats you've come to expect... IN SPACE!  A young boy gazes up at the sky and sees a streaming bolt of light. The friendly, armor-clad being at his side tells him gently, ""That's a dragon."" The fact that he's joking isn't important. What's important is the look of wonder on the boy's face... and the galaxy-spanning adventure that's about to take place! Join Hiro Mashima (Fairy Tail, Rave Master) once more as he takes to the stars for another thrilling saga!    Note: The first two episodes received an online advance screening on March 29. Regular TV broadcast...",https://s4.anilist.co/file/anilistcdn/media/anime/cover/large/bx119683-BC4i4dF5DGNO.jpg,https://anilist.co/anime/119683,,
Daily life immortal king,S3 ep13,51,7.1,"Wang Ling is a high school student with a cool and carefree demeanor. Coming off as someone with a very low spiritual force, he actually possesses a power capable of destroying the world at a moment's notice. To mitigate the volatile force within him, his parents have resorted to using an amulet as a temporary solution. However, the amulet weakens over time and Wang Ling's emotions also accelerate its deterioration. Now with the amulet on the verge of breaking, Wang Ling and his father race against time in order to fix it.",https://s4.anilist.co/file/anilistcdn/media/anime/cover/large/bx114121-vxWVgIBlBjox.png,https://anilist.co/anime/114121,,
Goblin slayer,S2 ep8,24,7.1,"A young priestess has formed her first adventuring party, but almost immediately they find themselves in distress. It's the Goblin Slayer who comes to their rescue--a man who's dedicated his life to the extermination of all goblins, by any means necessary. And when rumors of his feats begin to circulate, there's no telling who might come calling next...  ",https://s4.anilist.co/file/anilistcdn/media/anime/cover/medium/b101165-gWGE7sn1cR9S.jpg,https://anilist.co/anime/101165,,
Sword art online,S2 ep14,96,7.1,"In the near future, a Virtual Reality Massive Multiplayer Online Role-Playing Game (VRMMORPG) called Sword Art Online has been released where players control their avatars with their bodies using a piece of technology called Nerve Gear. One day, players discover they cannot log out, as the game creator is holding them captive unless they reach the 100th floor of the game's tower and defeat the final boss. However, if they die in the game, they die in real life. Their struggle for survival starts now... ",https://s4.anilist.co/file/anilistcdn/media/anime/cover/large/bx11757-SxYDUzdr9rh2.jpg,https://anilist.co/anime/11757,,
Kakegurui,S2 ep7,24,7,"During daylight hours, an exclusive, elite private school prepares its illustrious students for careers in business, politics, and high society. But when darkness falls, the halls of this esteemed establishment transform into an underground gambling den where bright-eyed youngsters learn the timeless art of bluffing, backdoor dealings and social manipulation. In this school for the rich and elite, money is power, and the tyrant of the betting books rules with an iron fist. So when the beautiful Yumeko Jabami upsets the academy hierarchy with her voracious appetite for the thrill of the gamble, the entire student body mobilizes to send her house of cards tumbling down.  (Source: Sentai Filmworks)",https://s4.anilist.co/file/anilistcdn/media/anime/cover/medium/b98314-TSJykxVwCCQN.jpg,https://anilist.co/anime/98314,,
Toriko,S1 ep51,147,6.9,"In the world where the taste and texture of food are very important there is Toriko, a hunter of precious foods regularly hired by restaurants and the rich. A man with inhuman skills to capture the ferocious, evasive and rare animals to complete his ultimate dinner course and then the chef Komatsu, his current accomplice: a weak timid person who was inspired by Toriko's greatness and accompanies him on all his journeys on his quest for the course of his life.",https://s4.anilist.co/file/anilistcdn/media/anime/cover/large/nx10033-V7xnlgAVtaVR.jpg,https://anilist.co/anime/10033,,
Tower of god ,S2 ep4,39,6.9,"There is a tower that summons chosen people called ""Regulars"" with the promise of granting their deepest desires. Whether it be wealth, fame, authority, or something that surpasses them all—everything awaits those who reach the top.  Twenty-Fifth Bam is a boy who had only known a dark cave, a dirty cloth, and an unreachable light his entire life. So when a girl named Rachel came to him through the light, his entire world changed. Becoming close friends with Rachel, he learned various things about the outside world from her. But when Rachel says she must leave him to climb the Tower, his world shatters around him. Vowing to follow after her no matter what it takes, he sets his sight on the tower, and a miracle occurs.  Thus begins the journey of Bam, a young boy who was n...",https://s4.anilist.co/file/anilistcdn/media/anime/cover/large/bx115230-QHOdSN7yt8ab.jpg,https://anilist.co/anime/115230,,
Misfit of the demon king,S2 ep4,37,6.8,"Anos, the Demon King of Tyranny, has defeated humans, spirits, and gods alike. But even demon kings get tired of all the fighting sometimes! Hoping for a more peaceful life, Anos decides to reincarnate himself. When he wakes two thousand years later, though, he finds the world has become too peaceful--his descendants have grown weak and magic is in serious decline. Intending to reclaim his rightful place, he enrolls in Demon King Academy, where he finds that his magical power is off the charts. Literally. And because they can't measure his power, the faculty and other students regard Anos as a misfit. With the support of Misha, the one student he manages to befriend, the misfit (Demon King) begins his climb up the demon ranks!  (Source: Square Enix Manga & Books)",https://s4.anilist.co/file/anilistcdn/media/anime/cover/large/bx112301-f88Fs2es4pSr.jpg,https://anilist.co/anime/112301,,
The promised neverland,S2 ep1,23,6.8,"Emma, Norman and Ray are the brightest kids at the Grace Field House orphanage. And under the care of the woman they refer to as “Mom,” all the kids have enjoyed a comfortable life. Good food, clean clothes and the perfect environment to learn—what more could an orphan ask for? One day, though, Emma and Norman uncover the dark truth of the outside world they are forbidden from seeing.  ",https://s4.anilist.co/file/anilistcdn/media/anime/cover/large/bx101759-8UR7r9MNVpz2.jpg,https://anilist.co/anime/101759,,
Corpse princess,S1 ep4,25,6.7,"After being brutally murdered along with her family, Makina Hoshimura turns into a Shikabane Hime, a living corpse contracted to the Kougon Cult, in order to exert revenge on the mysterious undead organization responsible for her death. She is assisted in this task by Keisei Tagami, her contracted priest and former friend. This series follows the story of Keisei's younger brother Ouri, a boy with an unusual attraction to death, who slowly discovers his brother's secret and gets dragged into the world of the Shikabanes.  (Source: Wikipedia, edited)",https://s4.anilist.co/file/anilistcdn/media/anime/cover/large/bx4581-RT3vGrNYCVqY.jpg,https://anilist.co/anime/4581,,
"Banished from the Hero’s Party, I Decided to Live a Quiet Life in the Countryside",S1 ep9,25,6.8,"A heroic and mighty adventurer dreams of...opening a pharmacy?  Red was once a part of the Hero’s party, a group destined to save the world by fighting the Raging Demon Lord. But after being betrayed by his comrade, Red hopes to start anew by opening a small apothecary in a sleepy town on the frontier. While keeping his past life a secret is the goal, it won’t be easy...especially when a beautiful adventurer from his past asks to move in.  ",https://s4.anilist.co/file/anilistcdn/media/anime/cover/large/bx126213-cXF3hsCcOipI.jpg,https://anilist.co/anime/126213,,